{
 "object_title": {
  "": {
   "hyperlinks": 440,
   "hyperlinksNb": 443,
   "emails": 0,
   "emailsNb": 0,
   "phones": 22,
   "phoneNb": 22,
   "spec": 0.04008934158884921,
   "size": 7.78676033064927,
   "French": 0.5732050228077962,
   "English": 0.18134077345225882,
   "Dutch": 0.05711831195632931,
   "Other": 0.18833589178361573,
   "tot": 233601
  },
  "DALET": {
   "hyperlinks": 49,
   "hyperlinksNb": 49,
   "emails": 0,
   "emailsNb": 0,
   "phones": 2,
   "phoneNb": 2,
   "spec": 0.03985870116685023,
   "size": 7.7280700212664994,
   "French": 0.6750127457089447,
   "English": 0.07521322893756203,
   "Dutch": 0.06133210514778865,
   "Other": 0.18844192020570466,
   "tot": 56897
  },
  "CRYO": {
   "hyperlinks": 48,
   "hyperlinksNb": 49,
   "emails": 0,
   "emailsNb": 0,
   "phones": 2,
   "phoneNb": 2,
   "spec": 0.03609545088896989,
   "size": 7.660362772456445,
   "French": 0.646091153621072,
   "English": 0.10365784910097339,
   "Dutch": 0.07101478065253923,
   "Other": 0.17923621662541542,
   "tot": 53036
  },
  "CHAPTERAUTO": {
   "hyperlinks": 5,
   "hyperlinksNb": 5,
   "emails": 0,
   "emailsNb": 0,
   "phones": 0,
   "phoneNb": 0,
   "spec": 0.03053592057407893,
   "size": 7.352246543778802,
   "French": 0.7436894033229402,
   "English": 0.07532140263955922,
   "Dutch": 0.039443898688762656,
   "Other": 0.1415452953487379,
   "tot": 6944
  },
  "YOUTUBE": {
   "hyperlinks": 311,
   "hyperlinksNb": 313,
   "emails": 0,
   "emailsNb": 0,
   "phones": 8,
   "phoneNb": 8,
   "spec": 0.05506936910231432,
   "size": 7.891529225236374,
   "French": 0.18181664896217983,
   "English": 0.5299093417865233,
   "Dutch": 0.04931402139151646,
   "Other": 0.23895998785978045,
   "tot": 51719
  },
  "AREMA": {
   "hyperlinks": 18,
   "hyperlinksNb": 18,
   "emails": 0,
   "emailsNb": 0,
   "phones": 0,
   "phoneNb": 0,
   "spec": 0.03244688582302215,
   "size": 8.422398115235183,
   "French": 0.7136731071227511,
   "English": 0.07518444593491665,
   "Dutch": 0.051663717147882676,
   "Other": 0.15947872979444952,
   "tot": 48388
  },
  "WHATSON": {
   "hyperlinks": 0,
   "hyperlinksNb": 0,
   "emails": 0,
   "emailsNb": 0,
   "phones": 0,
   "phoneNb": 0,
   "spec": 0.028691149481752345,
   "size": 4.46110183639399,
   "French": 0.6558484899048891,
   "English": 0.13006841314867346,
   "Dutch": 0.04822292674787252,
   "Other": 0.165860170198565,
   "tot": 2995
  },
  "NETIA": {
   "hyperlinks": 2,
   "hyperlinksNb": 2,
   "emails": 0,
   "emailsNb": 0,
   "phones": 1,
   "phoneNb": 1,
   "spec": 0.037696762098865536,
   "size": 5.320664045434688,
   "French": 0.6400177462289264,
   "English": 0.12262644188110026,
   "Dutch": 0.03833185448092281,
   "Other": 0.19902395740905057,
   "tot": 2289
  },
  "LIVECENTER": {
   "hyperlinks": 0,
   "hyperlinksNb": 0,
   "emails": 0,
   "emailsNb": 0,
   "phones": 0,
   "phoneNb": 0,
   "spec": 0.02524924423771089,
   "size": 3.621019108280255,
   "French": 0.6251256281407035,
   "English": 0.12361809045226131,
   "Dutch": 0.03919597989949749,
   "Other": 0.21206030150753769,
   "tot": 314
  },
  "INGESTVOD": {
   "hyperlinks": 0,
   "hyperlinksNb": 0,
   "emails": 0,
   "emailsNb": 0,
   "phones": 0,
   "phoneNb": 0,
   "spec": 0.026002653431187496,
   "size": 6.047105263157895,
   "French": 0.7360337831461734,
   "English": 0.061007832405397755,
   "Dutch": 0.054213456638671324,
   "Other": 0.14874492780975748,
   "tot": 7600
  },
  "smallGroup": {
   "hyperlinks": 8,
   "hyperlinksNb": 8,
   "emails": 0,
   "emailsNb": 0,
   "phones": 9,
   "phoneNb": 9,
   "spec": 0.03962821874271561,
   "size": 7.723660553757641,
   "French": 0.6466333205078877,
   "English": 0.13982300884955753,
   "Dutch": 0.03529562652302168,
   "Other": 0.17824804411953316,
   "tot": 5562
  }
 },
 "object_desc": {
  "CRYO": {
   "hyperlinks": 1050,
   "hyperlinksNb": 1339,
   "emails": 214,
   "emailsNb": 235,
   "phones": 168,
   "phoneNb": 180,
   "spec": 0.035190407707018416,
   "size": 55.95999864517003,
   "French": 0.7762971599367696,
   "English": 0.04446519738410687,
   "Dutch": 0.03900125092924803,
   "Other": 0.1402363917498755,
   "tot": 29524
  },
  "NETIA": {
   "hyperlinks": 897,
   "hyperlinksNb": 934,
   "emails": 68,
   "emailsNb": 73,
   "phones": 4,
   "phoneNb": 4,
   "spec": 0.04213525331803723,
   "size": 70.98235840297122,
   "French": 0.7366909283260841,
   "English": 0.06262603396940306,
   "Dutch": 0.04009295041335677,
   "Other": 0.1605900872911561,
   "tot": 12924
  },
  "AREMA": {
   "hyperlinks": 605,
   "hyperlinksNb": 699,
   "emails": 39,
   "emailsNb": 43,
   "phones": 22,
   "phoneNb": 26,
   "spec": 0.036426051604535166,
   "size": 56.500316856780735,
   "French": 0.8086512052041376,
   "English": 0.04400774286551549,
   "Dutch": 0.025731740834241887,
   "Other": 0.1216093110961051,
   "tot": 41028
  },
  "CHAPTERAUTO": {
   "hyperlinks": 692,
   "hyperlinksNb": 892,
   "emails": 115,
   "emailsNb": 150,
   "phones": 20,
   "phoneNb": 21,
   "spec": 0.0389286935125551,
   "size": 78.79937737806988,
   "French": 0.7472592622501271,
   "English": 0.057343683231213895,
   "Dutch": 0.043687605357990045,
   "Other": 0.15170944916066903,
   "tot": 20237
  },
  "YOUTUBE": {
   "hyperlinks": 28027,
   "hyperlinksNb": 130398,
   "emails": 896,
   "emailsNb": 1134,
   "phones": 1742,
   "phoneNb": 2455,
   "spec": 0.06958954648530295,
   "size": 83.44868689034195,
   "French": 0.17719395367547355,
   "English": 0.5639864938056691,
   "Dutch": 0.03961660959248983,
   "Other": 0.2192029429263675,
   "tot": 46645
  },
  "DALET": {
   "hyperlinks": 62,
   "hyperlinksNb": 79,
   "emails": 9,
   "emailsNb": 10,
   "phones": 0,
   "phoneNb": 0,
   "spec": 0.04150930004921029,
   "size": 41.17805755395683,
   "French": 0.7551223661592443,
   "English": 0.06735189352992256,
   "Dutch": 0.037229084336068335,
   "Other": 0.14029665597476476,
   "tot": 7228
  },
  "WHATSON": {
   "hyperlinks": 258,
   "hyperlinksNb": 289,
   "emails": 3,
   "emailsNb": 3,
   "phones": 2,
   "phoneNb": 4,
   "spec": 0.0365992165686579,
   "size": 100.0311010393061,
   "French": 0.811265879142165,
   "English": 0.04086305548603247,
   "Dutch": 0.036167149473538135,
   "Other": 0.11170391589826445,
   "tot": 12797
  },
  "VIMEO": {
   "hyperlinks": 485,
   "hyperlinksNb": 1271,
   "emails": 52,
   "emailsNb": 78,
   "phones": 37,
   "phoneNb": 55,
   "spec": 0.05284537997748768,
   "size": 108.54171180931745,
   "French": 0.23852223051498028,
   "English": 0.47726836549738777,
   "Dutch": 0.06478302590894551,
   "Other": 0.21942637807868642,
   "tot": 923
  },
  "DAILYMOTION": {
   "hyperlinks": 203,
   "hyperlinksNb": 431,
   "emails": 0,
   "emailsNb": 0,
   "phones": 14,
   "phoneNb": 17,
   "spec": 0.0539193351066593,
   "size": 41.474198047419804,
   "French": 0.615196166732716,
   "English": 0.15163742479374573,
   "Dutch": 0.048924595597506934,
   "Other": 0.18424181287603128,
   "tot": 717
  },
  "INGESTVOD": {
   "hyperlinks": 4,
   "hyperlinksNb": 4,
   "emails": 0,
   "emailsNb": 0,
   "phones": 0,
   "phoneNb": 0,
   "spec": 0.021583787203855124,
   "size": 12.448770491803279,
   "French": 0.7690757887517147,
   "English": 0.06337877229080932,
   "Dutch": 0.05583419067215364,
   "Other": 0.11171124828532236,
   "tot": 3904
  },
  "OTHER": {
   "hyperlinks": 0,
   "hyperlinksNb": 0,
   "emails": 0,
   "emailsNb": 0,
   "phones": 0,
   "phoneNb": 0,
   "spec": 0.03022569390124737,
   "size": 10.254430379746836,
   "French": 0.7801639984381101,
   "English": 0.04959000390472472,
   "Dutch": 0.050110633866979046,
   "Other": 0.12013536379018612,
   "tot": 790
  },
  "FTP": {
   "hyperlinks": 31,
   "hyperlinksNb": 33,
   "emails": 0,
   "emailsNb": 0,
   "phones": 0,
   "phoneNb": 0,
   "spec": 0.03620001872244257,
   "size": 122.74512901527119,
   "French": 0.8266564221461372,
   "English": 0.021603357327078784,
   "Dutch": 0.014814115870919041,
   "Other": 0.136926104655865,
   "tot": 1899
  },
  "ARTE": {
   "hyperlinks": 2,