{
 "object_title": {},
 "object_desc": {
  "All": {
   "hyperlinks": 32218,
   "hyperlinksNb": 136259,
   "emails": 1394,
   "emailsNb": 1724,
   "phones": 2013,
   "phoneNb": 2766,
   "spec": 0.045570878216782365,
   "size": 69.2333975543585,
   "French": 0.5858286168471999,
   "English": 0.21501263702862963,
   "Dutch": 0.03687990916568968,
   "Other": 0.16227883695848075,
   "tot": 178031
  },
  "CRYO": {
   "hyperlinks": 1050,
   "hyperlinksNb": 1339,
   "emails": 214,
   "emailsNb": 235,
   "phones": 168,
   "phoneNb": 180,
   "spec": 0.035190407707018416,
   "size": 55.95999864517003,
   "French": 0.7762971599367696,
   "English": 0.04446519738410687,
   "Dutch": 0.03900125092924803,
   "Other": 0.1402363917498755,
   "tot": 29524
  },
  "NETIA": {
   "hyperlinks": 897,
   "hyperlinksNb": 934,
   "emails": 68,
   "emailsNb": 73,
   "phones": 4,
   "phoneNb": 4,
   "spec": 0.04213525331803723,
   "size": 70.98235840297122,
   "French": 0.7366909283260841,
   "English": 0.06262603396940306,
   "Dutch": 0.04009295041335677,
   "Other": 0.1605900872911561,
   "tot": 12924
  },
  "AREMA": {
   "hyperlinks": 605,
   "hyperlinksNb": 699,
   "emails": 39,
   "emailsNb": 43,
   "phones": 22,
   "phoneNb": 26,
   "spec": 0.036426051604535166,
   "size": 56.500316856780735,
   "French": 0.8086512052041376,
   "English": 0.04400774286551549,
   "Dutch": 0.025731740834241887,
   "Other": 0.1216093110961051,
   "tot": 41028
  },
  "CHAPTERAUTO": {
   "hyperlinks": 692,
   "hyperlinksNb": 892,
   "emails": 115,
   "emailsNb": 150,
   "phones": 20,
   "phoneNb": 21,
   "spec": 0.0389286935125551,
   "size": 78.79937737806988,
   "French": 0.7472592622501271,
   "English": 0.057343683231213895,
   "Dutch": 0.043687605357990045,
   "Other": 0.15170944916066903,
   "tot": 20237
  },
  "YOUTUBE": {
   "hyperlinks": 28027,
   "hyperlinksNb": 130398,
   "emails": 896,
   "emailsNb": 1134,
   "phones": 1742,
   "phoneNb": 2455,
   "spec": 0.06958954648530295,
   "size": 83.44868689034195,
   "French": 0.17719395367547355,
   "English": 0.5639864938056691,
   "Dutch": 0.03961660959248983,
   "Other": 0.2192029429263675,
   "tot": 46645
  },
  "DALET": {
   "hyperlinks": 62,
   "hyperlinksNb": 79,
   "emails": 9,
   "emailsNb": 10,
   "phones": 0,
   "phoneNb": 0,
   "spec": 0.04150930004921029,
   "size": 41.17805755395683,
   "French": 0.7551223661592443,
   "English": 0.06735189352992256,
   "Dutch": 0.037229084336068335,
   "Other": 0.14029665597476476,
   "tot": 7228
  },
  "WHATSON": {
   "hyperlinks": 258,
   "hyperlinksNb": 289,
   "emails": 3,
   "emailsNb": 3,
   "phones": 2,
   "phoneNb": 4,
   "spec": 0.0365992165686579,
   "size": 100.0311010393061,
   "French": 0.811265879142165,
   "English": 0.04086305548603247,
   "Dutch": 0.036167149473538135,
   "Other": 0.11170391589826445,
   "tot": 12797
  },
  "VIMEO": {
   "hyperlinks": 485,
   "hyperlinksNb": 1271,
   "emails": 52,
   "emailsNb": 78,
   "phones": 37,
   "phoneNb": 55,
   "spec": 0.05284537997748768,
   "size": 108.54171180931745,
   "French": 0.23852223051498028,
   "English": 0.47726836549738777,
   "Dutch": 0.06478302590894551,
   "Other": 0.21942637807868642,
   "tot": 923
  },
  "DAILYMOTION": {
   "hyperlinks": 203,
   "hyperlinksNb": 431,
   "emails": 0,
   "emailsNb": 0,
   "phones": 14,
   "phoneNb": 17,
   "spec": 0.0539193351066593,
   "size": 41.474198047419804,
   "French": 0.615196166732716,
   "English": 0.15163742479374573,
   "Dutch": 0.048924595597506934,
   "Other": 0.18424181287603128,
   "tot": 717
  },
  "INGESTVOD": {
   "hyperlinks": 4,
   "hyperlinksNb": 4,
   "emails": 0,
   "emailsNb": 0,
   "phones": 0,
   "phoneNb": 0,
   "spec": 0.021583787203855124,
   "size": 12.448770491803279,
   "French": 0.7690757887517147,
   "English": 0.06337877229080932,
   "Dutch": 0.05583419067215364,
   "Other": 0.11171124828532236,
   "tot": 3904
  },
  "OTHER": {
   "hyperlinks": 0,
   "hyperlinksNb": 0,
   "emails": 0,
   "emailsNb": 0,
   "phones": 0,
   "phoneNb": 0,
   "spec": 0.03022569390124737,
   "size": 10.254430379746836,
   "French": 0.7801639984381101,
   "English": 0.04959000390472472,
   "Dutch": 0.050110633866979046,
   "Other": 0.12013536379018612,
   "tot": 790
  },
  "FTP": {
   "hyperlinks": 31,
   "hyperlinksNb": 33,
   "emails": 0,
   "emailsNb": 0,
   "phones": 0,
   "phoneNb": 0,
   "spec": 0.03620001872244257,
   "size": 122.74512901527119,
   "French": 0.8266564221461372,
   "English": 0.021603357327078784,
   "Dutch": 0.014814115870919041,
   "Other": 0.136926104655865,
   "tot": 1899
  },
  "ARTE": {
   "hyperlinks": 2,
   "hyperlinksNb": 2,
   "emails": 0,
   "emailsNb": 0,
   "phones": 0,
   "phoneNb": 0,
   "spec": 0.03396581043227368,
   "size": 65.59627329192547,
   "French": 0.8321117274167987,
   "English": 0.02981378763866878,
   "Dutch": 0.020007923930269414,
   "Other": 0.11806656101426308,
   "tot": 161
  },
  "CHAPTERCMS": {
   "hyperlinks": 6,
   "hyperlinksNb": 7,
   "emails": 0,
   "emailsNb": 0,
   "phones": 0,
   "phoneNb": 0,
   "spec": 0.03791597797653415,
   "size": 103.54026845637584,
   "French": 0.7458939219583638,
   "English": 0.05561948599923283,
   "Dutch": 0.04630888865641455,
   "Other": 0.15217770338598877,
   "tot": 298
  },
  "LIVECENTER": {
   "hyperlinks": 8,
   "hyperlinksNb": 8,
   "emails": 0,
   "emailsNb": 0,
   "phones": 4,
   "phoneNb": 4,
   "spec": 0.034873550703316984,
   "size": 65.21189591078067,
   "French": 0.8065715253831895,
   "English": 0.04186681549102071,
   "Dutch": 0.0341731279025732,
   "Other": 0.1173885312232166,
   "tot": 1614
  }
 }
}